:shuffle,true
あそび
あさひ
いちご
うさぎ
えんぴつ
かたな
きつね
きりん
きのこ
くじら
けむし
さくら
さかな
しずく
すいか
すずめ
たまご
たぬき
たけのこ
ちょうちょ
ちかてつ
つばさ
てがみ
にわとり
にんじん
ぬりえ
ふくろう
ふじさん
まくら
まつり
みずうみ
むらさき
めがね
やきそば
ゆうやけ
ようふく
ようちえん
らっぱ
らいおん
らくがき
れいぞうこ
かんがるー
さんぽ
りんかん
たんぽぽ
あさがお
あじさい
あんず
いちじく
いのしし
うぐいす
うめぼし
えほん
おおかみ
おにぎり
おはなし
おまつり
かきごおり
かざぐるま
かみぶくろ
かわらばん
きゃんぷ
きんぎょ
きょうだい
くろねこ
けしごむ
こけし
ことり
こどもたち
こんぺいとう
さいころ
さかなや
さむけ
さんかく
しおから
しかくい
しりとり
しんごう
すいとう
すいえい
すずらん
せんべい
たけやぶ
たいよう
たいやき
たけうま
ちからもち
ちゃわんむし
つりざお
てんとうむし
とけいだい
とんぼ
ながぐつ
ながしそうめん
ななほし
にっきちょう
にゅうどうぐも
ぬりえちょう
ねんどあそび
のこぎり
はしご
はながら
はたけやま
ひこうきぐも
ひまわりばたけ
ふうせん
ふたご
ふるさと
ほうきぼし
ほっとけーき
まどべ
まつたけ
まっくらやみ
みずたまり
みつばち
むこうがわ
むぎわらぼうし
めざましどけい
もぐら
もちつき
ももたろう
やおや
やまざくら
やまのぼり
ゆきだるま
ゆきみち
ようちえんせい
よぞら
らくだ
らんどせる
りんごあめ
りんどう
るいせき
れんげそう
れんあい
ろうそく
わかめ
わすれもの
